targetX,targetY,targetSize,distance,directionX,directionY
1335.0,661.0,20,381.5049147783027,365,111
1646.5,588.5,51,308.8041450499005,296,-88
