targetX,targetY,targetSize,distance,directionX,directionY
1310.0,597.0,20,343.233156906497,340,47
1892.0,739.0,74,566.7892024377317,555,115
1290.5,556.5,39,606.8615987191807,-584,-165
