dx,dy,button,rx,ry,time,distance,targetID,directionX,directionY,targetX,targetY,initMouseX,initMouseY,targetSize
0,-1,0.0,-0.0,-1.5,0.2218940258026123,881.9988662124232,1,-849,239,113,837,962,598,20
0,0,0.0,-0.0,-0.0,0.22989249229431152,881.9988662124232,1,-849,239,113,837,962,598,20
0,0,0.0,-0.0,-0.0,0.2368621826171875,881.9988662124232,1,-849,239,113,837,962,598,20
0,0,0.0,-0.0,-0.0,0.24583029747009277,881.9988662124232,1,-849,239,113,837,962,598,20
0,0,0.0,-0.0,-0.0,0.2548062801361084,881.9988662124232,1,-849,239,113,837,962,598,20
0,0,0.0,-0.0,-0.0,0.2637817859649658,881.9988662124232,1,-849,239,113,837,962,598,20
